filename,relative_path,url,title,forloeb,afsender,fag,klassetrin,indskoling,mellemtrin,udskoling,laerervejledning
antologi_2014_kap_1-6 (1).pdf,Experiementarium/antologi_2014_kap_1-6 (1).pdf,,,,Experimentarium,,,,,,
metodekit_A4.pdf,Experiementarium/metodekit_A4.pdf,,,,Experimentarium,,,,,,
AP SkoleGPT.pdf,Life/AP SkoleGPT.pdf,,,,LIFE,,,,,,
Black Box.pdf,Life/Black Box.pdf,https://undervisning.life.dk/bb,Blackbox,,LIFE,,,,,,
EZ SkoleGPT.pdf,Life/EZ SkoleGPT.pdf,https://undervisning.life.dk/ez,Enzymjagten,,LIFE,,,,,,
Extractors.pdf,Life/Extractors.pdf,https://undervisning.life.dk/ex,Extractors,,LIFE,,,,,,
Fight the Bite.pdf,Life/Fight the Bite.pdf,https://undervisning.life.dk/fb,Fight the bite,,LIFE,,,,,,
KG SkoleGPT.pdf,Life/KG SkoleGPT.pdf,,,,LIFE,,,,,,
KS SkoleGPT.pdf,Life/KS SkoleGPT.pdf,https://undervisning.life.dk/ks,Knivskarp,,LIFE,,,,,,
KUL SkoleGPT.pdf,Life/KUL SkoleGPT.pdf,https://undervisning.life.dk/kul,Kup under lup,,LIFE,,,,,,
Mikrosafari.pdf,Life/Mikrosafari.pdf,https://undervisning.life.dk/ms,Mikrosafari,,LIFE,,,,,,
PM SkoleGPT.pdf,Life/PM SkoleGPT.pdf,https://undervisning.life.dk/pm,Plastmissionen,,LIFE,,,,,,
TM SkoleGPT.pdf,Life/TM SkoleGPT.pdf,https://undervisning.life.dk/tm,Tastemaster,,LIFE,,,,,,
TV SkoleGPT.pdf,Life/TV SkoleGPT.pdf,https://undervisning.life.dk/tv,Turbovækst,,LIFE,,,,,,
Unbreakable.pdf,Life/Unbreakable.pdf,https://undervisning.life.dk/ub,Unbreakable,,LIFE,,,,,,
Vandkamp.pdf,Life/Vandkamp.pdf,https://undervisning.life.dk/vk,Vandkamp,,LIFE,,,,,,
WG SkoleGPT.pdf,Life/WG SkoleGPT.pdf,https://undervisning.life.dk/wg,Wegrow,,LIFE,,,,,,
3-D print i et isoleret miljø forside.pdf,Naturvidenskabernes Hus/3-D print i et isoleret miljø forside.pdf,https://nvhus.dk/tilbud-undervisere/3d-print-i-et-isoleret-miljoe/,,3D-print i et isoleret miljø,Naturvidenskabernes Hus,,,True,True,True,True
3D-print-i-et-isoleret-miljoe-Elevark-1.pdf,Naturvidenskabernes Hus/3D-print-i-et-isoleret-miljoe-Elevark-1.pdf,https://nvhus.dk/tilbud-undervisere/3d-print-i-et-isoleret-miljoe/,,3D-print i et isoleret miljø,Naturvidenskabernes Hus,,,True,True,True,True
3D-print-i-et-isoleret-miljoe-Elevark-2.pdf,Naturvidenskabernes Hus/3D-print-i-et-isoleret-miljoe-Elevark-2.pdf,https://nvhus.dk/tilbud-undervisere/3d-print-i-et-isoleret-miljoe/,,3D-print i et isoleret miljø,Naturvidenskabernes Hus,,,True,True,True,True
3D-print-i-et-isoleret-miljoe-Elevmateriale.pdf,Naturvidenskabernes Hus/3D-print-i-et-isoleret-miljoe-Elevmateriale.pdf,https://nvhus.dk/tilbud-undervisere/3d-print-i-et-isoleret-miljoe/,,3D-print i et isoleret miljø,Naturvidenskabernes Hus,,,True,True,True,True
3D-print-i-et-isoleret-miljoe-Laerervejledning.pdf,Naturvidenskabernes Hus/3D-print-i-et-isoleret-miljoe-Laerervejledning.pdf,https://nvhus.dk/tilbud-undervisere/3d-print-i-et-isoleret-miljoe/,,3D-print i et isoleret miljø,Naturvidenskabernes Hus,,,True,True,True,True
Byg Bæredygtigt forside.pdf,Naturvidenskabernes Hus/Byg Bæredygtigt/Byg Bæredygtigt forside.pdf,https://nvhus.dk/tilbud-undervisere/byg-baeredygtigt/,,Byg Bæredygtigt,Naturvidenskabernes Hus,,,False,True,True,True
Elevkompendie-Byg-Baeredygtigt.pdf,Naturvidenskabernes Hus/Byg Bæredygtigt/Elevkompendie-Byg-Baeredygtigt.pdf,https://nvhus.dk/tilbud-undervisere/byg-baeredygtigt/,,Byg Bæredygtigt,Naturvidenskabernes Hus,,,False,True,True,True
Materialekasse-Byg-Baeredygtigt.pdf,Naturvidenskabernes Hus/Byg Bæredygtigt/Materialekasse-Byg-Baeredygtigt.pdf,https://nvhus.dk/tilbud-undervisere/byg-baeredygtigt/,,Byg Bæredygtigt,Naturvidenskabernes Hus,,,False,True,True,True
Ugeprogram-og-materialebehov.pdf,Naturvidenskabernes Hus/Byg Bæredygtigt/Ugeprogram-og-materialebehov.pdf,https://nvhus.dk/tilbud-undervisere/byg-baeredygtigt/,,Byg Bæredygtigt,Naturvidenskabernes Hus,,,False,True,True,True
Undervisningsguide-Byg-Baeredygtigt.pdf,Naturvidenskabernes Hus/Byg Bæredygtigt/Undervisningsguide-Byg-Baeredygtigt.pdf,https://nvhus.dk/tilbud-undervisere/byg-baeredygtigt/,,Byg Bæredygtigt,Naturvidenskabernes Hus,,,False,True,True,True
Byg din egen sø forside.pdf,Naturvidenskabernes Hus/Byg din egen sø/Byg din egen sø forside.pdf,https://nvhus.dk/tilbud-undervisere/byg-din-egen-soe/,,Byg din egen sø,Naturvidenskabernes Hus,,,False,False,False,True
Bilag-Minimaraton.pdf,Naturvidenskabernes Hus/Minimarathon - en sej svæver/Bilag-Minimaraton.pdf,https://nvhus.dk/tilbud-undervisere/minimaraton-en-sej-svaever/,,Minimaraton – En sej svæver,Naturvidenskabernes Hus,,,False,True,False,True
Diplom-Minimaraton.pdf,Naturvidenskabernes Hus/Minimarathon - en sej svæver/Diplom-Minimaraton.pdf,https://nvhus.dk/tilbud-undervisere/minimaraton-en-sej-svaever/,,Minimaraton – En sej svæver,Naturvidenskabernes Hus,,,False,True,False,True
Elevark-Minimaraton.pdf,Naturvidenskabernes Hus/Minimarathon - en sej svæver/Elevark-Minimaraton.pdf,https://nvhus.dk/tilbud-undervisere/minimaraton-en-sej-svaever/,,Minimaraton – En sej svæver,Naturvidenskabernes Hus,,,False,True,False,True
Klippeark-1-7-Minimaraton.pdf,Naturvidenskabernes Hus/Minimarathon - en sej svæver/Klippeark-1-7-Minimaraton.pdf,https://nvhus.dk/tilbud-undervisere/minimaraton-en-sej-svaever/,,Minimaraton – En sej svæver,Naturvidenskabernes Hus,,,False,True,False,True
Klippeark-8-A3-Minimaraton.pdf,Naturvidenskabernes Hus/Minimarathon - en sej svæver/Klippeark-8-A3-Minimaraton.pdf,https://nvhus.dk/tilbud-undervisere/minimaraton-en-sej-svaever/,,Minimaraton – En sej svæver,Naturvidenskabernes Hus,,,False,True,False,True
Laerervejledning-Minimaraton.pdf,Naturvidenskabernes Hus/Minimarathon - en sej svæver/Laerervejledning-Minimaraton.pdf,https://nvhus.dk/tilbud-undervisere/minimaraton-en-sej-svaever/,,Minimaraton – En sej svæver,Naturvidenskabernes Hus,,,False,True,False,True
Minimarathon - En sej svæver forside.pdf,Naturvidenskabernes Hus/Minimarathon - en sej svæver/Minimarathon - En sej svæver forside.pdf,https://nvhus.dk/tilbud-undervisere/minimaraton-en-sej-svaever/,,Minimaraton – En sej svæver,Naturvidenskabernes Hus,,,False,True,False,True
Plakater-A3-Minimaraton.pdf,Naturvidenskabernes Hus/Minimarathon - en sej svæver/Plakater-A3-Minimaraton.pdf,https://nvhus.dk/tilbud-undervisere/minimaraton-en-sej-svaever/,,Minimaraton – En sej svæver,Naturvidenskabernes Hus,,,False,True,False,True
Miniræs forside.pdf,Naturvidenskabernes Hus/Miniræs/Miniræs forside.pdf,https://nvhus.dk/tilbud-undervisere/miniraes/,,Miniræs,Naturvidenskabernes Hus,,,True,False,False,True
Naturfagsmarathon forside.pdf,Naturvidenskabernes Hus/Naturfagsmarathon/Naturfagsmarathon forside.pdf,https://nvhus.dk/tilbud-undervisere/naturfagsmaraton/,,Naturfagsmaraton,Naturvidenskabernes Hus,,,False,True,False,False
Naturfagsræs - tilbud til specialklasser forside.pdf,Naturvidenskabernes Hus/Naturfagsræs - tilbud til specialklasser/Naturfagsræs - tilbud til specialklasser forside.pdf,https://nvhus.dk/tilbud-undervisere/naturfagsraes/,,Naturfagsræs – tilbud til specialklasser,Naturvidenskabernes Hus,,,False,False,False,False
Byg højt forside.pdf,Naturvidenskabernes Hus/Science Day/Byg højt/Byg højt forside.pdf,https://nvhus.dk/tilbud-undervisere/byg-hoejt-med-cowi/,,Byg højt,Naturvidenskabernes Hus,,,False,True,False,True
Byg-hoejt-Naturfagsmaraton.pdf,Naturvidenskabernes Hus/Science Day/Byg højt/Byg-hoejt-Naturfagsmaraton.pdf,https://nvhus.dk/tilbud-undervisere/byg-hoejt-med-cowi/,,Byg højt,Naturvidenskabernes Hus,,,False,True,False,True
Byg-hoejt-Undersoegelse-1-Goer-en-kube-staerk-og-stabil.pdf,Naturvidenskabernes Hus/Science Day/Byg højt/Byg-hoejt-Undersoegelse-1-Goer-en-kube-staerk-og-stabil.pdf,https://nvhus.dk/tilbud-undervisere/byg-hoejt-med-cowi/,,Byg højt,Naturvidenskabernes Hus,,,False,True,False,True
Efter-Naturfagsmaraton-Byg-hoejt.pdf,Naturvidenskabernes Hus/Science Day/Byg højt/Efter-Naturfagsmaraton-Byg-hoejt.pdf,https://nvhus.dk/tilbud-undervisere/byg-hoejt-med-cowi/,,Byg højt,Naturvidenskabernes Hus,,,False,True,False,True
Bæredygtig vandforsyning i fremtidens bolig - åbent forløb forside.pdf,Naturvidenskabernes Hus/Science Day/Bæredygtig vandforsyning i fremtidens bolig - åbent forløb/Bæredygtig vandforsyning i fremtidens bolig - åbent forløb forside.pdf,https://nvhus.dk/tilbud-undervisere/baeredygtig-vandforsyning-i-fremtidens-bolig-aabent-forloeb/,,Bæredygtig vandforsyning i fremtidens bolig – åbent forløb,Naturvidenskabernes Hus,,,False,False,True,True
Bæredygtig vandforsyning i fremtidens bolig forside.pdf,Naturvidenskabernes Hus/Science Day/Bæredygtig vandforsyning i fremtidens bolig/Bæredygtig vandforsyning i fremtidens bolig forside.pdf,https://nvhus.dk/tilbud-undervisere/baeredygtig-vandforsyning/,,Bæredygtig vandforsyning i fremtidens bolig,Naturvidenskabernes Hus,,,False,False,True,True
Datalogning med microbit på jorden og i rummet forside.pdf,Naturvidenskabernes Hus/Science Day/Datalogning med microbit på jorden og i rummet/Datalogning med microbit på jorden og i rummet forside.pdf,https://nvhus.dk/tilbud-undervisere/datalogning-med-microbit-paa-jorden-og-i-rummet/,,Datalogning med micro:bit på jorden og i rummet,Naturvidenskabernes Hus,,,False,False,True,True
Datalogning-med-microbit-paa-jorden-og-i-rummet-Elevhaefte.pdf,Naturvidenskabernes Hus/Science Day/Datalogning med microbit på jorden og i rummet/Datalogning-med-microbit-paa-jorden-og-i-rummet-Elevhaefte.pdf,https://nvhus.dk/tilbud-undervisere/datalogning-med-microbit-paa-jorden-og-i-rummet/,,Datalogning med micro:bit på jorden og i rummet,Naturvidenskabernes Hus,,,False,False,True,True
Datalogning-med-microbit-paa-jorden-og-i-rummet-Laerervejledning.pdf,Naturvidenskabernes Hus/Science Day/Datalogning med microbit på jorden og i rummet/Datalogning-med-microbit-paa-jorden-og-i-rummet-Laerervejledning.pdf,https://nvhus.dk/tilbud-undervisere/datalogning-med-microbit-paa-jorden-og-i-rummet/,,Datalogning med micro:bit på jorden og i rummet,Naturvidenskabernes Hus,,,False,False,True,True
De fantastiske myrer forside.pdf,Naturvidenskabernes Hus/Science Day/De fantastiske myrer/De fantastiske myrer forside.pdf,https://nvhus.dk/tilbud-undervisere/de-fantastiske-myrer/,,De fantastiske myrer,Naturvidenskabernes Hus,,,False,True,False,True
De-fantastiske-myrer-Naturfagsmaraton.pdf,Naturvidenskabernes Hus/Science Day/De fantastiske myrer/De-fantastiske-myrer-Naturfagsmaraton.pdf,https://nvhus.dk/tilbud-undervisere/de-fantastiske-myrer/,,De fantastiske myrer,Naturvidenskabernes Hus,,,False,True,False,True
De-fantastiske-myrer-Undersoegelse-1-Bliv-klog-paa-myrer.pdf,Naturvidenskabernes Hus/Science Day/De fantastiske myrer/De-fantastiske-myrer-Undersoegelse-1-Bliv-klog-paa-myrer.pdf,https://nvhus.dk/tilbud-undervisere/de-fantastiske-myrer/,,De fantastiske myrer,Naturvidenskabernes Hus,,,False,True,False,True
De-fantastiske-myrer-Undersoegelse-2-Hvad-bestaar-en-myre-af.pdf,Naturvidenskabernes Hus/Science Day/De fantastiske myrer/De-fantastiske-myrer-Undersoegelse-2-Hvad-bestaar-en-myre-af.pdf,https://nvhus.dk/tilbud-undervisere/de-fantastiske-myrer/,,De fantastiske myrer,Naturvidenskabernes Hus,,,False,True,False,True
Efter-Naturfagsmaraton-De-fantastiske-myrer.pdf,Naturvidenskabernes Hus/Science Day/De fantastiske myrer/Efter-Naturfagsmaraton-De-fantastiske-myrer.pdf,https://nvhus.dk/tilbud-undervisere/de-fantastiske-myrer/,,De fantastiske myrer,Naturvidenskabernes Hus,,,False,True,False,True
Det ideelle astronautteam forside.pdf,Naturvidenskabernes Hus/Science Day/Det ideelle astronautteam/Det ideelle astronautteam forside.pdf,https://nvhus.dk/tilbud-undervisere/det-ideelle-astronautteam/,,Det ideelle astronautteam,Naturvidenskabernes Hus,,,False,False,True,True
Det-ideelle-astronautteam-Elevark-1.pdf,Naturvidenskabernes Hus/Science Day/Det ideelle astronautteam/Det-ideelle-astronautteam-Elevark-1.pdf,https://nvhus.dk/tilbud-undervisere/det-ideelle-astronautteam/,,Det ideelle astronautteam,Naturvidenskabernes Hus,,,False,False,True,True
Det-ideelle-astronautteam-Elevark-2.pdf,Naturvidenskabernes Hus/Science Day/Det ideelle astronautteam/Det-ideelle-astronautteam-Elevark-2.pdf,https://nvhus.dk/tilbud-undervisere/det-ideelle-astronautteam/,,Det ideelle astronautteam,Naturvidenskabernes Hus,,,False,False,True,True
Det-ideelle-astronautteam-Elevark-3.pdf,Naturvidenskabernes Hus/Science Day/Det ideelle astronautteam/Det-ideelle-astronautteam-Elevark-3.pdf,https://nvhus.dk/tilbud-undervisere/det-ideelle-astronautteam/,,Det ideelle astronautteam,Naturvidenskabernes Hus,,,False,False,True,True
Det-ideelle-astronautteam-Elevark-4.pdf,Naturvidenskabernes Hus/Science Day/Det ideelle astronautteam/Det-ideelle-astronautteam-Elevark-4.pdf,https://nvhus.dk/tilbud-undervisere/det-ideelle-astronautteam/,,Det ideelle astronautteam,Naturvidenskabernes Hus,,,False,False,True,True
Det-ideelle-astronautteam-Elevmateriale.pdf,Naturvidenskabernes Hus/Science Day/Det ideelle astronautteam/Det-ideelle-astronautteam-Elevmateriale.pdf,https://nvhus.dk/tilbud-undervisere/det-ideelle-astronautteam/,,Det ideelle astronautteam,Naturvidenskabernes Hus,,,False,False,True,True
Det-ideelle-astronautteam-Laerervejledning.pdf,Naturvidenskabernes Hus/Science Day/Det ideelle astronautteam/Det-ideelle-astronautteam-Laerervejledning.pdf,https://nvhus.dk/tilbud-undervisere/det-ideelle-astronautteam/,,Det ideelle astronautteam,Naturvidenskabernes Hus,,,False,False,True,True
Det rene vand forside.pdf,Naturvidenskabernes Hus/Science Day/Det rene vand/Det rene vand forside.pdf,https://nvhus.dk/tilbud-undervisere/det-rene-vand/,,Det rene vand,Naturvidenskabernes Hus,,,False,False,True,True
Det-rene-vand-Elevark-1.pdf,Naturvidenskabernes Hus/Science Day/Det rene vand/Det-rene-vand-Elevark-1.pdf,https://nvhus.dk/tilbud-undervisere/det-rene-vand/,,Det rene vand,Naturvidenskabernes Hus,,,False,False,True,True
Det-rene-vand-Elevark-2.pdf,Naturvidenskabernes Hus/Science Day/Det rene vand/Det-rene-vand-Elevark-2.pdf,https://nvhus.dk/tilbud-undervisere/det-rene-vand/,,Det rene vand,Naturvidenskabernes Hus,,,False,False,True,True
Det-rene-vand-Elevark-3.pdf,Naturvidenskabernes Hus/Science Day/Det rene vand/Det-rene-vand-Elevark-3.pdf,https://nvhus.dk/tilbud-undervisere/det-rene-vand/,,Det rene vand,Naturvidenskabernes Hus,,,False,False,True,True
Det-rene-vand-Elevark-4.pdf,Naturvidenskabernes Hus/Science Day/Det rene vand/Det-rene-vand-Elevark-4.pdf,https://nvhus.dk/tilbud-undervisere/det-rene-vand/,,Det rene vand,Naturvidenskabernes Hus,,,False,False,True,True
Det-rene-vand-Elevmateriale.pdf,Naturvidenskabernes Hus/Science Day/Det rene vand/Det-rene-vand-Elevmateriale.pdf,https://nvhus.dk/tilbud-undervisere/det-rene-vand/,,Det rene vand,Naturvidenskabernes Hus,,,False,False,True,True
Det-rene-vand-Laerervejledning.pdf,Naturvidenskabernes Hus/Science Day/Det rene vand/Det-rene-vand-Laerervejledning.pdf,https://nvhus.dk/tilbud-undervisere/det-rene-vand/,,Det rene vand,Naturvidenskabernes Hus,,,False,False,True,True
ESA-satelitter løser klimaudfordringer forside.pdf,Naturvidenskabernes Hus/Science Day/ESA-satelitter løser klimaudfordringer/ESA-satelitter løser klimaudfordringer forside.pdf,https://nvhus.dk/tilbud-undervisere/esas-satellitter-loeser-klimaudfordringer/,,ESA-satellitter løser klimaudfordringer,Naturvidenskabernes Hus,,,False,True,False,True
ESA-satellitter-loeser-klimaudfordringer-Elevhaefte.pdf,Naturvidenskabernes Hus/Science Day/ESA-satelitter løser klimaudfordringer/ESA-satellitter-loeser-klimaudfordringer-Elevhaefte.pdf,https://nvhus.dk/tilbud-undervisere/esas-satellitter-loeser-klimaudfordringer/,,ESA-satellitter løser klimaudfordringer,Naturvidenskabernes Hus,,,False,True,False,True
ESA-satellitter-loeser-klimaudfordringer-Laerervejledning.pdf,Naturvidenskabernes Hus/Science Day/ESA-satelitter løser klimaudfordringer/ESA-satellitter-loeser-klimaudfordringer-Laerervejledning.pdf,https://nvhus.dk/tilbud-undervisere/esas-satellitter-loeser-klimaudfordringer/,,ESA-satellitter løser klimaudfordringer,Naturvidenskabernes Hus,,,False,True,False,True
Model-af-massebalance-Plakat-A3.pdf,Naturvidenskabernes Hus/Science Day/ESA-satelitter løser klimaudfordringer/Model-af-massebalance-Plakat-A3.pdf,https://nvhus.dk/tilbud-undervisere/esas-satellitter-loeser-klimaudfordringer/,,ESA-satellitter løser klimaudfordringer,Naturvidenskabernes Hus,,,False,True,False,True
Naar-havet-fryser-ESA.pdf,Naturvidenskabernes Hus/Science Day/ESA-satelitter løser klimaudfordringer/Naar-havet-fryser-ESA.pdf,https://nvhus.dk/tilbud-undervisere/esas-satellitter-loeser-klimaudfordringer/,,ESA-satellitter løser klimaudfordringer,Naturvidenskabernes Hus,,,False,True,False,True
Opgave-1-Satellitfotos.pdf,Naturvidenskabernes Hus/Science Day/ESA-satelitter løser klimaudfordringer/Opgave-1-Satellitfotos.pdf,https://nvhus.dk/tilbud-undervisere/esas-satellitter-loeser-klimaudfordringer/,,ESA-satellitter løser klimaudfordringer,Naturvidenskabernes Hus,,,False,True,False,True
Opgave-2-Vandstand.pdf,Naturvidenskabernes Hus/Science Day/ESA-satelitter løser klimaudfordringer/Opgave-2-Vandstand.pdf,https://nvhus.dk/tilbud-undervisere/esas-satellitter-loeser-klimaudfordringer/,,ESA-satellitter løser klimaudfordringer,Naturvidenskabernes Hus,,,False,True,False,True
Opgave-4-Massebalance.pdf,Naturvidenskabernes Hus/Science Day/ESA-satelitter løser klimaudfordringer/Opgave-4-Massebalance.pdf,https://nvhus.dk/tilbud-undervisere/esas-satellitter-loeser-klimaudfordringer/,,ESA-satellitter løser klimaudfordringer,Naturvidenskabernes Hus,,,False,True,False,True
Opgave-5-Iskerne.pdf,Naturvidenskabernes Hus/Science Day/ESA-satelitter løser klimaudfordringer/Opgave-5-Iskerne.pdf,https://nvhus.dk/tilbud-undervisere/esas-satellitter-loeser-klimaudfordringer/,,ESA-satellitter løser klimaudfordringer,Naturvidenskabernes Hus,,,False,True,False,True
Opgave-5-Skema-A3.pdf,Naturvidenskabernes Hus/Science Day/ESA-satelitter løser klimaudfordringer/Opgave-5-Skema-A3.pdf,https://nvhus.dk/tilbud-undervisere/esas-satellitter-loeser-klimaudfordringer/,,ESA-satellitter løser klimaudfordringer,Naturvidenskabernes Hus,,,False,True,False,True
Opgave-6-Quiz-og-byt.pdf,Naturvidenskabernes Hus/Science Day/ESA-satelitter løser klimaudfordringer/Opgave-6-Quiz-og-byt.pdf,https://nvhus.dk/tilbud-undervisere/esas-satellitter-loeser-klimaudfordringer/,,ESA-satellitter løser klimaudfordringer,Naturvidenskabernes Hus,,,False,True,False,True
Satellitfotos-Plakat-A3.pdf,Naturvidenskabernes Hus/Science Day/ESA-satelitter løser klimaudfordringer/Satellitfotos-Plakat-A3.pdf,https://nvhus.dk/tilbud-undervisere/esas-satellitter-loeser-klimaudfordringer/,,ESA-satellitter løser klimaudfordringer,Naturvidenskabernes Hus,,,False,True,False,True
Efter-Naturfagsmaraton-En-lys-ide.pdf,Naturvidenskabernes Hus/Science Day/En lys idé/Efter-Naturfagsmaraton-En-lys-ide.pdf,https://nvhus.dk/tilbud-undervisere/en-lys-ide/,,En lys idé,Naturvidenskabernes Hus,,,False,True,False,True
En lys idé forside.pdf,Naturvidenskabernes Hus/Science Day/En lys idé/En lys idé forside.pdf,https://nvhus.dk/tilbud-undervisere/en-lys-ide/,,En lys idé,Naturvidenskabernes Hus,,,False,True,False,True
En-lys-ide-Naturfagsmaraton.pdf,Naturvidenskabernes Hus/Science Day/En lys idé/En-lys-ide-Naturfagsmaraton.pdf,https://nvhus.dk/tilbud-undervisere/en-lys-ide/,,En lys idé,Naturvidenskabernes Hus,,,False,True,False,True
En-lys-ide-Undersoegelse-1-Undersoeg-lamper.pdf,Naturvidenskabernes Hus/Science Day/En lys idé/En-lys-ide-Undersoegelse-1-Undersoeg-lamper.pdf,https://nvhus.dk/tilbud-undervisere/en-lys-ide/,,En lys idé,Naturvidenskabernes Hus,,,False,True,False,True
En-lys-ide-Undersoegelse-2-Nysgerrig-paa-materialer.pdf,Naturvidenskabernes Hus/Science Day/En lys idé/En-lys-ide-Undersoegelse-2-Nysgerrig-paa-materialer.pdf,https://nvhus.dk/tilbud-undervisere/en-lys-ide/,,En lys idé,Naturvidenskabernes Hus,,,False,True,False,True
Flyt vandet forside.pdf,Naturvidenskabernes Hus/Science Day/Flyt vandet/Flyt vandet forside.pdf,https://nvhus.dk/tilbud-undervisere/flyt-vandet-2/,,Flyt vandet,Naturvidenskabernes Hus,,,True,False,False,True
Forbind med TDC net forside.pdf,Naturvidenskabernes Hus/Science Day/Forbind med TDC/Forbind med TDC net forside.pdf,https://nvhus.dk/tilbud-undervisere/forbind-med-tdc-net/,,Forbind med TDC NET,Naturvidenskabernes Hus,,,False,True,False,True
Forbind-med-TDC-NET-Undersoegelse-1.pdf,Naturvidenskabernes Hus/Science Day/Forbind med TDC/Forbind-med-TDC-NET-Undersoegelse-1.pdf,https://nvhus.dk/tilbud-undervisere/forbind-med-tdc-net/,,Forbind med TDC NET,Naturvidenskabernes Hus,,,False,True,False,True
Forbind-med-TDC-NET-Undersoegelse-2.pdf,Naturvidenskabernes Hus/Science Day/Forbind med TDC/Forbind-med-TDC-NET-Undersoegelse-2.pdf,https://nvhus.dk/tilbud-undervisere/forbind-med-tdc-net/,,Forbind med TDC NET,Naturvidenskabernes Hus,,,False,True,False,True
Forbind-med-TDC-NET-Undersoegelse-3.pdf,Naturvidenskabernes Hus/Science Day/Forbind med TDC/Forbind-med-TDC-NET-Undersoegelse-3.pdf,https://nvhus.dk/tilbud-undervisere/forbind-med-tdc-net/,,Forbind med TDC NET,Naturvidenskabernes Hus,,,False,True,False,True
Forbind-med-TDC-NET.pdf,Naturvidenskabernes Hus/Science Day/Forbind med TDC/Forbind-med-TDC-NET.pdf,https://nvhus.dk/tilbud-undervisere/forbind-med-tdc-net/,,Forbind med TDC NET,Naturvidenskabernes Hus,,,False,True,False,True
Frikvarter i virtuel reality forside.pdf,Naturvidenskabernes Hus/Science Day/Frikvarter i virtuel reality/Frikvarter i virtuel reality forside.pdf,https://nvhus.dk/tilbud-undervisere/frikvarter-i-virtual-reality/,,Frikvarter i Virtual Reality,Naturvidenskabernes Hus,,,False,False,True,True
Frikvarter-i-Virtual-Reality-Elevark-1.pdf,Naturvidenskabernes Hus/Science Day/Frikvarter i virtuel reality/Frikvarter-i-Virtual-Reality-Elevark-1.pdf,https://nvhus.dk/tilbud-undervisere/frikvarter-i-virtual-reality/,,Frikvarter i Virtual Reality,Naturvidenskabernes Hus,,,False,False,True,True
Frikvarter-i-Virtual-Reality-Elevark-2.pdf,Naturvidenskabernes Hus/Science Day/Frikvarter i virtuel reality/Frikvarter-i-Virtual-Reality-Elevark-2.pdf,https://nvhus.dk/tilbud-undervisere/frikvarter-i-virtual-reality/,,Frikvarter i Virtual Reality,Naturvidenskabernes Hus,,,False,False,True,True
Frikvarter-i-Virtual-Reality-Elevmateriale.pdf,Naturvidenskabernes Hus/Science Day/Frikvarter i virtuel reality/Frikvarter-i-Virtual-Reality-Elevmateriale.pdf,https://nvhus.dk/tilbud-undervisere/frikvarter-i-virtual-reality/,,Frikvarter i Virtual Reality,Naturvidenskabernes Hus,,,False,False,True,True
Frikvarter-i-Virtual-Reality-Laerervejledning.pdf,Naturvidenskabernes Hus/Science Day/Frikvarter i virtuel reality/Frikvarter-i-Virtual-Reality-Laerervejledning.pdf,https://nvhus.dk/tilbud-undervisere/frikvarter-i-virtual-reality/,,Frikvarter i Virtual Reality,Naturvidenskabernes Hus,,,False,False,True,True
Froe-paa-farten-Undersoegelse-1-Find-froe-i-jeres-koekken.pdf,Naturvidenskabernes Hus/Science Day/Frø på farten/Froe-paa-farten-Undersoegelse-1-Find-froe-i-jeres-koekken.pdf,https://nvhus.dk/tilbud-undervisere/froe-paa-farten/,,Frø på farten,Naturvidenskabernes Hus,,,False,True,False,True
Froe-paa-farten-Undersoegelse-2-Faa-jeres-froe-til-at-spire.pdf,Naturvidenskabernes Hus/Science Day/Frø på farten/Froe-paa-farten-Undersoegelse-2-Faa-jeres-froe-til-at-spire.pdf,https://nvhus.dk/tilbud-undervisere/froe-paa-farten/,,Frø på farten,Naturvidenskabernes Hus,,,False,True,False,True
Froe-paa-farten-Undersoegelse-3-–-Den-perfekte-vinge.pdf,Naturvidenskabernes Hus/Science Day/Frø på farten/Froe-paa-farten-Undersoegelse-3-–-Den-perfekte-vinge.pdf,https://nvhus.dk/tilbud-undervisere/froe-paa-farten/,,Frø på farten,Naturvidenskabernes Hus,,,False,True,False,True
Froe-paa-farten.pdf,Naturvidenskabernes Hus/Science Day/Frø på farten/Froe-paa-farten.pdf,https://nvhus.dk/tilbud-undervisere/froe-paa-farten/,,Frø på farten,Naturvidenskabernes Hus,,,False,True,False,True
Frø på farten forside .pdf,Naturvidenskabernes Hus/Science Day/Frø på farten/Frø på farten forside .pdf,https://nvhus.dk/tilbud-undervisere/froe-paa-farten/,,Frø på farten,Naturvidenskabernes Hus,,,False,True,False,True
Hit med tyggegummiet forside.pdf,Naturvidenskabernes Hus/Science Day/Hit med tyggegummiet/Hit med tyggegummiet forside.pdf,https://nvhus.dk/tilbud-undervisere/hit-med-tyggegummiet/,,Hit med tyggegummiet,Naturvidenskabernes Hus,,,False,True,False,True
Hit-med-tyggegummiet-Undersoegelse-1.pdf,Naturvidenskabernes Hus/Science Day/Hit med tyggegummiet/Hit-med-tyggegummiet-Undersoegelse-1.pdf,https://nvhus.dk/tilbud-undervisere/hit-med-tyggegummiet/,,Hit med tyggegummiet,Naturvidenskabernes Hus,,,False,True,False,True
Hit-med-tyggegummiet-Undersoegelse-2.pdf,Naturvidenskabernes Hus/Science Day/Hit med tyggegummiet/Hit-med-tyggegummiet-Undersoegelse-2.pdf,https://nvhus.dk/tilbud-undervisere/hit-med-tyggegummiet/,,Hit med tyggegummiet,Naturvidenskabernes Hus,,,False,True,False,True
Hit-med-tyggegummiet-Undersoegelse-3.pdf,Naturvidenskabernes Hus/Science Day/Hit med tyggegummiet/Hit-med-tyggegummiet-Undersoegelse-3.pdf,https://nvhus.dk/tilbud-undervisere/hit-med-tyggegummiet/,,Hit med tyggegummiet,Naturvidenskabernes Hus,,,False,True,False,True
Hit-med-tyggegummiet.pdf,Naturvidenskabernes Hus/Science Day/Hit med tyggegummiet/Hit-med-tyggegummiet.pdf,https://nvhus.dk/tilbud-undervisere/hit-med-tyggegummiet/,,Hit med tyggegummiet,Naturvidenskabernes Hus,,,False,True,False,True
Hold skibet sejlende forside.pdf,Naturvidenskabernes Hus/Science Day/Hold skibet sejlende/Hold skibet sejlende forside.pdf,https://nvhus.dk/tilbud-undervisere/hold-skibet-sejlende/,,Hold skibet sejlende,Naturvidenskabernes Hus,,,False,False,True,True
Laerervejledning-Hold-skibet-sejlende.pdf,Naturvidenskabernes Hus/Science Day/Hold skibet sejlende/Laerervejledning-Hold-skibet-sejlende.pdf,https://nvhus.dk/tilbud-undervisere/hold-skibet-sejlende/,,Hold skibet sejlende,Naturvidenskabernes Hus,,,False,False,True,True
Tekcase-Hold-skibet-sejlende.pdf,Naturvidenskabernes Hus/Science Day/Hold skibet sejlende/Tekcase-Hold-skibet-sejlende.pdf,https://nvhus.dk/tilbud-undervisere/hold-skibet-sejlende/,,Hold skibet sejlende,Naturvidenskabernes Hus,,,False,False,True,True
Aktivitet_Analyser-dit-toejskab.pdf,Naturvidenskabernes Hus/Science Day/Klog på tøjspild/Aktivitet_Analyser-dit-toejskab.pdf,https://nvhus.dk/tilbud-undervisere/klog-paa-toejspild/,,Klog på tøjspild,Naturvidenskabernes Hus,,,False,False,True,True
Klog på tøjspild - forside.pdf,Naturvidenskabernes Hus/Science Day/Klog på tøjspild/Klog på tøjspild - forside.pdf,https://nvhus.dk/tilbud-undervisere/klog-paa-toejspild/,,Klog på tøjspild,Naturvidenskabernes Hus,,,False,False,True,True
Lad op med TotalEnergies forside.pdf,Naturvidenskabernes Hus/Science Day/Lad op med TotalEnergies/Lad op med TotalEnergies forside.pdf,https://nvhus.dk/tilbud-undervisere/lad-op-med-totalenergies/,,Lad op med TotalEnergies,Naturvidenskabernes Hus,,,False,True,False,True
Lad-op-med-TotalEnergies-Undersoegelse-1-Hvad-bruger-vi-stroem-til.pdf,Naturvidenskabernes Hus/Science Day/Lad op med TotalEnergies/Lad-op-med-TotalEnergies-Undersoegelse-1-Hvad-bruger-vi-stroem-til.pdf,https://nvhus.dk/tilbud-undervisere/lad-op-med-totalenergies/,,Lad op med TotalEnergies,Naturvidenskabernes Hus,,,False,True,False,True
Lad-op-med-TotalEnergies-Undersoegelse-2-Find-de-rigtige-hjul.pdf,Naturvidenskabernes Hus/Science Day/Lad op med TotalEnergies/Lad-op-med-TotalEnergies-Undersoegelse-2-Find-de-rigtige-hjul.pdf,https://nvhus.dk/tilbud-undervisere/lad-op-med-totalenergies/,,Lad op med TotalEnergies,Naturvidenskabernes Hus,,,False,True,False,True
Lad-op-med-TotalEnergies-Undersoegelse-3-Kan-I-styre-hvor-langt-jeres-elastikbiler-koerer.pdf,Naturvidenskabernes Hus/Science Day/Lad op med TotalEnergies/Lad-op-med-TotalEnergies-Undersoegelse-3-Kan-I-styre-hvor-langt-jeres-elastikbiler-koerer.pdf,https://nvhus.dk/tilbud-undervisere/lad-op-med-totalenergies/,,Lad op med TotalEnergies,Naturvidenskabernes Hus,,,False,True,False,True
Lad-op-med-TotalEnergies.pdf,Naturvidenskabernes Hus/Science Day/Lad op med TotalEnergies/Lad-op-med-TotalEnergies.pdf,https://nvhus.dk/tilbud-undervisere/lad-op-med-totalenergies/,,Lad op med TotalEnergies,Naturvidenskabernes Hus,,,False,True,False,True
Lego SPIKE - Dyrehospitalet forside.pdf,Naturvidenskabernes Hus/Science Day/Lego SPIKE - Dyrehospitalet/Lego SPIKE - Dyrehospitalet forside.pdf,https://nvhus.dk/tilbud-undervisere/lego-spike-dyrehospitalet/,,Lego SPIKE – Dyrehospitalet,Naturvidenskabernes Hus,,,True,False,False,True
Efter-Naturfagsmaraton-Luft-ud.pdf,Naturvidenskabernes Hus/Science Day/Luft ud/Efter-Naturfagsmaraton-Luft-ud.pdf,https://nvhus.dk/tilbud-undervisere/luft-ud-med-danfoss/,,Luft ud,Naturvidenskabernes Hus,,,False,True,False,True
Luft ud forside.pdf,Naturvidenskabernes Hus/Science Day/Luft ud/Luft ud forside.pdf,https://nvhus.dk/tilbud-undervisere/luft-ud-med-danfoss/,,Luft ud,Naturvidenskabernes Hus,,,False,True,False,True
Luft-ud-Naturfagsmaraton.pdf,Naturvidenskabernes Hus/Science Day/Luft ud/Luft-ud-Naturfagsmaraton.pdf,https://nvhus.dk/tilbud-undervisere/luft-ud-med-danfoss/,,Luft ud,Naturvidenskabernes Hus,,,False,True,False,True
Luft-ud-Undersoegelse-1-Vurder-luften-og-temperaturen-i-jeres-klasse.pdf,Naturvidenskabernes Hus/Science Day/Luft ud/Luft-ud-Undersoegelse-1-Vurder-luften-og-temperaturen-i-jeres-klasse.pdf,https://nvhus.dk/tilbud-undervisere/luft-ud-med-danfoss/,,Luft ud,Naturvidenskabernes Hus,,,False,True,False,True
Luft-ud-Undersoegelse-2-Maal-luften-og-temperaturen-i-jeres-klassevaerelse.pdf,Naturvidenskabernes Hus/Science Day/Luft ud/Luft-ud-Undersoegelse-2-Maal-luften-og-temperaturen-i-jeres-klassevaerelse.pdf,https://nvhus.dk/tilbud-undervisere/luft-ud-med-danfoss/,,Luft ud,Naturvidenskabernes Hus,,,False,True,False,True
Luft-ud-Undersoegelse-3-Byg-en-ventilator.pdf,Naturvidenskabernes Hus/Science Day/Luft ud/Luft-ud-Undersoegelse-3-Byg-en-ventilator.pdf,https://nvhus.dk/tilbud-undervisere/luft-ud-med-danfoss/,,Luft ud,Naturvidenskabernes Hus,,,False,True,False,True
Mal med PPG forside.pdf,Naturvidenskabernes Hus/Science Day/Mal med PPG/Mal med PPG forside.pdf,https://nvhus.dk/tilbud-undervisere/mal-med-ppg/,,Mal med PPG,Naturvidenskabernes Hus,,,False,True,False,True
Mal-med-PPG-Undersoegelse-1.pdf,Naturvidenskabernes Hus/Science Day/Mal med PPG/Mal-med-PPG-Undersoegelse-1.pdf,https://nvhus.dk/tilbud-undervisere/mal-med-ppg/,,Mal med PPG,Naturvidenskabernes Hus,,,False,True,False,True
Mal-med-PPG-Undersoegelse-2.pdf,Naturvidenskabernes Hus/Science Day/Mal med PPG/Mal-med-PPG-Undersoegelse-2.pdf,https://nvhus.dk/tilbud-undervisere/mal-med-ppg/,,Mal med PPG,Naturvidenskabernes Hus,,,False,True,False,True
Mal-med-PPG.pdf,Naturvidenskabernes Hus/Science Day/Mal med PPG/Mal-med-PPG.pdf,https://nvhus.dk/tilbud-undervisere/mal-med-ppg/,,Mal med PPG,Naturvidenskabernes Hus,,,False,True,False,True
Marsvandring - forside.pdf,Naturvidenskabernes Hus/Science Day/Marsvandring/Marsvandring - forside.pdf,https://nvhus.dk/tilbud-undervisere/marsvandring/,,Marsvandring,Naturvidenskabernes Hus,,,False,True,False,True
Med Paxi til månen forside.pdf,Naturvidenskabernes Hus/Science Day/Med Paxi til månen/Med Paxi til månen forside.pdf,https://nvhus.dk/tilbud-undervisere/med-paxi-til-maanen/,,Med Paxi til Månen,Naturvidenskabernes Hus,,,True,False,False,True
Planeter.pdf,Naturvidenskabernes Hus/Science Day/Med Paxi til månen/Planeter.pdf,https://nvhus.dk/tilbud-undervisere/med-paxi-til-maanen/,,Med Paxi til Månen,Naturvidenskabernes Hus,,,True,False,False,True
Planetloeb.pdf,Naturvidenskabernes Hus/Science Day/Med Paxi til månen/Planetloeb.pdf,https://nvhus.dk/tilbud-undervisere/med-paxi-til-maanen/,,Med Paxi til Månen,Naturvidenskabernes Hus,,,True,False,False,True
Sortering-af-sten.pdf,Naturvidenskabernes Hus/Science Day/Med Paxi til månen/Sortering-af-sten.pdf,https://nvhus.dk/tilbud-undervisere/med-paxi-til-maanen/,,Med Paxi til Månen,Naturvidenskabernes Hus,,,True,False,False,True
Terning.pdf,Naturvidenskabernes Hus/Science Day/Med Paxi til månen/Terning.pdf,https://nvhus.dk/tilbud-undervisere/med-paxi-til-maanen/,,Med Paxi til Månen,Naturvidenskabernes Hus,,,True,False,False,True
Undersoeg-maanesten.pdf,Naturvidenskabernes Hus/Science Day/Med Paxi til månen/Undersoeg-maanesten.pdf,https://nvhus.dk/tilbud-undervisere/med-paxi-til-maanen/,,Med Paxi til Månen,Naturvidenskabernes Hus,,,True,False,False,True
Guide-til-at-modtage-skoleklasser.pdf,Naturvidenskabernes Hus/Science Day/Meget mere end mælk/Guide-til-at-modtage-skoleklasser.pdf,https://nvhus.dk/tilbud-undervisere/meget-mere-end-maelk/,,Meget mere end mælk,Naturvidenskabernes Hus,,,False,False,True,True
Meget mere end mælk forside.pdf,Naturvidenskabernes Hus/Science Day/Meget mere end mælk/Meget mere end mælk forside.pdf,https://nvhus.dk/tilbud-undervisere/meget-mere-end-maelk/,,Meget mere end mælk,Naturvidenskabernes Hus,,,False,False,True,True
Meget-mere-end-maelk-Elevmateriale.pdf,Naturvidenskabernes Hus/Science Day/Meget mere end mælk/Meget-mere-end-maelk-Elevmateriale.pdf,https://nvhus.dk/tilbud-undervisere/meget-mere-end-maelk/,,Meget mere end mælk,Naturvidenskabernes Hus,,,False,False,True,True
Meget-mere-end-maelk-Laerervejledning.pdf,Naturvidenskabernes Hus/Science Day/Meget mere end mælk/Meget-mere-end-maelk-Laerervejledning.pdf,https://nvhus.dk/tilbud-undervisere/meget-mere-end-maelk/,,Meget mere end mælk,Naturvidenskabernes Hus,,,False,False,True,True
Oevelse-Dannelse-af-ost-med-osteloebe.pdf,Naturvidenskabernes Hus/Science Day/Meget mere end mælk/Oevelse-Dannelse-af-ost-med-osteloebe.pdf,https://nvhus.dk/tilbud-undervisere/meget-mere-end-maelk/,,Meget mere end mælk,Naturvidenskabernes Hus,,,False,False,True,True
Oevelse-Fagligheder-paa-mejeriet.pdf,Naturvidenskabernes Hus/Science Day/Meget mere end mælk/Oevelse-Fagligheder-paa-mejeriet.pdf,https://nvhus.dk/tilbud-undervisere/meget-mere-end-maelk/,,Meget mere end mælk,Naturvidenskabernes Hus,,,False,False,True,True
Oevelse-PI-diagram.pdf,Naturvidenskabernes Hus/Science Day/Meget mere end mælk/Oevelse-PI-diagram.pdf,https://nvhus.dk/tilbud-undervisere/meget-mere-end-maelk/,,Meget mere end mælk,Naturvidenskabernes Hus,,,False,False,True,True
Oevelse-Programmeret-bagning.pdf,Naturvidenskabernes Hus/Science Day/Meget mere end mælk/Oevelse-Programmeret-bagning.pdf,https://nvhus.dk/tilbud-undervisere/meget-mere-end-maelk/,,Meget mere end mælk,Naturvidenskabernes Hus,,,False,False,True,True
Oevelse-Programmering-i-MakeCode.pdf,Naturvidenskabernes Hus/Science Day/Meget mere end mælk/Oevelse-Programmering-i-MakeCode.pdf,https://nvhus.dk/tilbud-undervisere/meget-mere-end-maelk/,,Meget mere end mælk,Naturvidenskabernes Hus,,,False,False,True,True
Oevelse-Spoerg-rollemodellen.pdf,Naturvidenskabernes Hus/Science Day/Meget mere end mælk/Oevelse-Spoerg-rollemodellen.pdf,https://nvhus.dk/tilbud-undervisere/meget-mere-end-maelk/,,Meget mere end mælk,Naturvidenskabernes Hus,,,False,False,True,True
Oevelse-Undersoeg-centrifugering.pdf,Naturvidenskabernes Hus/Science Day/Meget mere end mælk/Oevelse-Undersoeg-centrifugering.pdf,https://nvhus.dk/tilbud-undervisere/meget-mere-end-maelk/,,Meget mere end mælk,Naturvidenskabernes Hus,,,False,False,True,True
Oevelse-Undersoeg-pasteurisering.pdf,Naturvidenskabernes Hus/Science Day/Meget mere end mælk/Oevelse-Undersoeg-pasteurisering.pdf,https://nvhus.dk/tilbud-undervisere/meget-mere-end-maelk/,,Meget mere end mælk,Naturvidenskabernes Hus,,,False,False,True,True
Diplom-En-sej-snurretop-Minimaraton.pdf,Naturvidenskabernes Hus/Science Day/Minimarathon - en sej snurretop/Diplom-En-sej-snurretop-Minimaraton.pdf,https://nvhus.dk/tilbud-undervisere/minimaraton-en-sej-snurretop/,,Minimaraton – En sej snurretop,Naturvidenskabernes Hus,,,True,False,False,True
Elevark-En-sej-snurretop-Minimaraton.pdf,Naturvidenskabernes Hus/Science Day/Minimarathon - en sej snurretop/Elevark-En-sej-snurretop-Minimaraton.pdf,https://nvhus.dk/tilbud-undervisere/minimaraton-en-sej-snurretop/,,Minimaraton – En sej snurretop,Naturvidenskabernes Hus,,,True,False,False,True
Foer-Minimaratondagen-En-sej-snurretop.pdf,Naturvidenskabernes Hus/Science Day/Minimarathon - en sej snurretop/Foer-Minimaratondagen-En-sej-snurretop.pdf,https://nvhus.dk/tilbud-undervisere/minimaraton-en-sej-snurretop/,,Minimaraton – En sej snurretop,Naturvidenskabernes Hus,,,True,False,False,True
Laerervejledning-En-sej-snurretop-Minimaraton.pdf,Naturvidenskabernes Hus/Science Day/Minimarathon - en sej snurretop/Laerervejledning-En-sej-snurretop-Minimaraton.pdf,https://nvhus.dk/tilbud-undervisere/minimaraton-en-sej-snurretop/,,Minimaraton – En sej snurretop,Naturvidenskabernes Hus,,,True,False,False,True
Minimarathon - en sej snurretop forside.pdf,Naturvidenskabernes Hus/Science Day/Minimarathon - en sej snurretop/Minimarathon - en sej snurretop forside.pdf,https://nvhus.dk/tilbud-undervisere/minimaraton-en-sej-snurretop/,,Minimaraton – En sej snurretop,Naturvidenskabernes Hus,,,True,False,False,True
Plakater-En-sej-snurretop-Minimaraton.pdf,Naturvidenskabernes Hus/Science Day/Minimarathon - en sej snurretop/Plakater-En-sej-snurretop-Minimaraton.pdf,https://nvhus.dk/tilbud-undervisere/minimaraton-en-sej-snurretop/,,Minimaraton – En sej snurretop,Naturvidenskabernes Hus,,,True,False,False,True
Trofae-En-sej-snurretop-Minimaraton.pdf,Naturvidenskabernes Hus/Science Day/Minimarathon - en sej snurretop/Trofae-En-sej-snurretop-Minimaraton.pdf,https://nvhus.dk/tilbud-undervisere/minimaraton-en-sej-snurretop/,,Minimaraton – En sej snurretop,Naturvidenskabernes Hus,,,True,False,False,True
Naturheltenes Dag - Forskningens Døgn forside.pdf,Naturvidenskabernes Hus/Science Day/Naturheltenes Dag - Forskningens døgn/Naturheltenes Dag - Forskningens Døgn forside.pdf,https://nvhus.dk/tilbud-undervisere/naturheltenes-dag/,,Naturheltenes Dag – Forskningens Døgn,Naturvidenskabernes Hus,,,True,False,False,True
Laerervejledning-Power-to-X.pdf,Naturvidenskabernes Hus/Science Day/Power-to-X/Laerervejledning-Power-to-X.pdf,https://nvhus.dk/tilbud-undervisere/power-to-x-grundskolen/,,Power-to-X,Naturvidenskabernes Hus,,,False,False,True,True
Power-to-X forside.pdf,Naturvidenskabernes Hus/Science Day/Power-to-X/Power-to-X forside.pdf,https://nvhus.dk/tilbud-undervisere/power-to-x-grundskolen/,,Power-to-X,Naturvidenskabernes Hus,,,False,False,True,True
tekcase-power-to-x.pdf,Naturvidenskabernes Hus/Science Day/Power-to-X/tekcase-power-to-x.pdf,https://nvhus.dk/tilbud-undervisere/power-to-x-grundskolen/,,Power-to-X,Naturvidenskabernes Hus,,,False,False,True,True
På opdagelse i Figurland forside.pdf,Naturvidenskabernes Hus/Science Day/På odagelse i Figurland/På opdagelse i Figurland forside.pdf,https://nvhus.dk/tilbud-undervisere/paa-opdagelse-i-figurland/,,På opdagelse i Figurland,Naturvidenskabernes Hus,,,True,False,False,True
Rum-Robotter-Undersoegelse-1.pdf,Naturvidenskabernes Hus/Science Day/Rum-robotter/Rum-Robotter-Undersoegelse-1.pdf,https://nvhus.dk/tilbud-undervisere/rum-robotter/,,Rum-robotter,Naturvidenskabernes Hus,,,False,True,False,True
Rum-Robotter-Undersoegelse-2.pdf,Naturvidenskabernes Hus/Science Day/Rum-robotter/Rum-Robotter-Undersoegelse-2.pdf,https://nvhus.dk/tilbud-undervisere/rum-robotter/,,Rum-robotter,Naturvidenskabernes Hus,,,False,True,False,True
Rum-robotter forside.pdf,Naturvidenskabernes Hus/Science Day/Rum-robotter/Rum-robotter forside.pdf,https://nvhus.dk/tilbud-undervisere/rum-robotter/,,Rum-robotter,Naturvidenskabernes Hus,,,False,True,False,True
Rum-robotter.pdf,Naturvidenskabernes Hus/Science Day/Rum-robotter/Rum-robotter.pdf,https://nvhus.dk/tilbud-undervisere/rum-robotter/,,Rum-robotter,Naturvidenskabernes Hus,,,False,True,False,True
Rumfart med Esero forside.pdf,Naturvidenskabernes Hus/Science Day/Rumfart med Esero/Rumfart med Esero forside.pdf,https://nvhus.dk/tilbud-undervisere/rumfart-med-esero/,,Rumfart med ESERO,Naturvidenskabernes Hus,,,True,True,True,True
Science Day Forside.pdf,Naturvidenskabernes Hus/Science Day/Science Day Forside.pdf,https://nvhus.dk/tilbud-undervisere/science-day/,,Science Day,Naturvidenskabernes Hus,,,False,True,True,True
Læseguide - Udskoling.pdf,Naturvidenskabernes Hus/Science Day/Science Day Udskoling/Undervisningspakke til Science Day - Udskoling/Læseguide - Udskoling.pdf,https://nvhus.dk/tilbud-undervisere/science-day/,,Science Day,Naturvidenskabernes Hus,,,False,True,True,True
Planlæg dagen - Tjek på besøget.pdf,Naturvidenskabernes Hus/Science Day/Science Day Udskoling/Undervisningspakke til Science Day - Udskoling/Planlæg dagen - Tjek på besøget.pdf,https://nvhus.dk/tilbud-undervisere/science-day/,,Science Day,Naturvidenskabernes Hus,,,False,True,True,True
Øvelse 1 - Undersøg virksomheden.pdf,Naturvidenskabernes Hus/Science Day/Science Day Udskoling/Undervisningspakke til Science Day - Udskoling/Øvelse 1 - Undersøg virksomheden.pdf,https://nvhus.dk/tilbud-undervisere/science-day/,,Science Day,Naturvidenskabernes Hus,,,False,True,True,True
Øvelse 2 - Spørgsmål til rollemodeller.pdf,Naturvidenskabernes Hus/Science Day/Science Day Udskoling/Undervisningspakke til Science Day - Udskoling/Øvelse 2 - Spørgsmål til rollemodeller.pdf,https://nvhus.dk/tilbud-undervisere/science-day/,,Science Day,Naturvidenskabernes Hus,,,False,True,True,True
"Øvelse 3 - 1, 2, mange.pdf","Naturvidenskabernes Hus/Science Day/Science Day Udskoling/Undervisningspakke til Science Day - Udskoling/Øvelse 3 - 1, 2, mange.pdf",https://nvhus.dk/tilbud-undervisere/science-day/,,Science Day,Naturvidenskabernes Hus,,,False,True,True,True
Øvelse 4 - Hvem er jeg.pdf,Naturvidenskabernes Hus/Science Day/Science Day Udskoling/Undervisningspakke til Science Day - Udskoling/Øvelse 4 - Hvem er jeg.pdf,https://nvhus.dk/tilbud-undervisere/science-day/,,Science Day,Naturvidenskabernes Hus,,,False,True,True,True
Øvelse 5 - Spørgsmål til podcast.pdf,Naturvidenskabernes Hus/Science Day/Science Day Udskoling/Undervisningspakke til Science Day - Udskoling/Øvelse 5 - Spørgsmål til podcast.pdf,https://nvhus.dk/tilbud-undervisere/science-day/,,Science Day,Naturvidenskabernes Hus,,,False,True,True,True
Øvelse 6 - Præsentation af besøg - Udskoling.pdf,Naturvidenskabernes Hus/Science Day/Science Day Udskoling/Undervisningspakke til Science Day - Udskoling/Øvelse 6 - Præsentation af besøg - Udskoling.pdf,https://nvhus.dk/tilbud-undervisere/science-day/,,Science Day,Naturvidenskabernes Hus,,,False,True,True,True
Seje enzymer forside.pdf,Naturvidenskabernes Hus/Seje enzymer/Seje enzymer forside.pdf,https://nvhus.dk/tilbud-undervisere/seje-enzymer/,,Seje enzymer,Naturvidenskabernes Hus,,,False,True,False,True
Seje satellitter med GomSpace forside.pdf,Naturvidenskabernes Hus/Seje satelitter med Gomspace/Seje satellitter med GomSpace forside.pdf,https://nvhus.dk/tilbud-undervisere/seje-satellitter-med-gomspace/,,Seje satellitter med GomSpace,Naturvidenskabernes Hus,,,False,True,False,True
Seje-satellitter-med-GomSpace-Undersoegelse-1-–-Hvad-er-satellitter-og-hvad-bruges-de-til.pdf,Naturvidenskabernes Hus/Seje satelitter med Gomspace/Seje-satellitter-med-GomSpace-Undersoegelse-1-–-Hvad-er-satellitter-og-hvad-bruges-de-til.pdf,https://nvhus.dk/tilbud-undervisere/seje-satellitter-med-gomspace/,,Seje satellitter med GomSpace,Naturvidenskabernes Hus,,,False,True,False,True
Seje-satellitter-med-GomSpace-Undersoegelse-2-–-Undersoeg-udfold-og-byg-en-kube.pdf,Naturvidenskabernes Hus/Seje satelitter med Gomspace/Seje-satellitter-med-GomSpace-Undersoegelse-2-–-Undersoeg-udfold-og-byg-en-kube.pdf,https://nvhus.dk/tilbud-undervisere/seje-satellitter-med-gomspace/,,Seje satellitter med GomSpace,Naturvidenskabernes Hus,,,False,True,False,True
Seje-satellitter-med-GomSpace.pdf,Naturvidenskabernes Hus/Seje satelitter med Gomspace/Seje-satellitter-med-GomSpace.pdf,https://nvhus.dk/tilbud-undervisere/seje-satellitter-med-gomspace/,,Seje satellitter med GomSpace,Naturvidenskabernes Hus,,,False,True,False,True
Skoere-Maskiner-Ekstra-undersoegelse.pdf,Naturvidenskabernes Hus/Skøre maskiner/Skoere-Maskiner-Ekstra-undersoegelse.pdf,https://nvhus.dk/tilbud-undervisere/skoere-maskiner/,,Skøre maskiner,Naturvidenskabernes Hus,,,False,True,False,True
Skoere-Maskiner-Undersoegelse-1.pdf,Naturvidenskabernes Hus/Skøre maskiner/Skoere-Maskiner-Undersoegelse-1.pdf,https://nvhus.dk/tilbud-undervisere/skoere-maskiner/,,Skøre maskiner,Naturvidenskabernes Hus,,,False,True,False,True
Skoere-Maskiner-Undersoegelse-2.pdf,Naturvidenskabernes Hus/Skøre maskiner/Skoere-Maskiner-Undersoegelse-2.pdf,https://nvhus.dk/tilbud-undervisere/skoere-maskiner/,,Skøre maskiner,Naturvidenskabernes Hus,,,False,True,False,True
Skoere-Maskiner.pdf,Naturvidenskabernes Hus/Skøre maskiner/Skoere-Maskiner.pdf,https://nvhus.dk/tilbud-undervisere/skoere-maskiner/,,Skøre maskiner,Naturvidenskabernes Hus,,,False,True,False,True
Skøre maskiner forside.pdf,Naturvidenskabernes Hus/Skøre maskiner/Skøre maskiner forside.pdf,https://nvhus.dk/tilbud-undervisere/skoere-maskiner/,,Skøre maskiner,Naturvidenskabernes Hus,,,False,True,False,True
"Sol, elektricitet og rent vand forside.pdf","Naturvidenskabernes Hus/Sol, elektricitet og rent vand/Sol, elektricitet og rent vand forside.pdf",https://nvhus.dk/tilbud-undervisere/sol-elektricitet-og-rent-vand/,,"Sol, elektricitet og rent vand",Naturvidenskabernes Hus,,,False,False,True,True
Stop tøjspild forside.pdf,Naturvidenskabernes Hus/Stop tøjspild/Stop tøjspild forside.pdf,https://nvhus.dk/tilbud-undervisere/stop-toejspild/,,Stop tøjspild,Naturvidenskabernes Hus,,,False,True,False,True
Stop-toejspild-Undersoegelse-1-Hvor-meget-toej-har-I.pdf,Naturvidenskabernes Hus/Stop tøjspild/Stop-toejspild-Undersoegelse-1-Hvor-meget-toej-har-I.pdf,https://nvhus.dk/tilbud-undervisere/stop-toejspild/,,Stop tøjspild,Naturvidenskabernes Hus,,,False,True,False,True
Stop-toejspild-Undersoegelse-2-Holdninger-til-genbrugstoej.pdf,Naturvidenskabernes Hus/Stop tøjspild/Stop-toejspild-Undersoegelse-2-Holdninger-til-genbrugstoej.pdf,https://nvhus.dk/tilbud-undervisere/stop-toejspild/,,Stop tøjspild,Naturvidenskabernes Hus,,,False,True,False,True
Stop-toejspild-Undersoegelse-3-Undersoeg-forskellige-materialer.pdf,Naturvidenskabernes Hus/Stop tøjspild/Stop-toejspild-Undersoegelse-3-Undersoeg-forskellige-materialer.pdf,https://nvhus.dk/tilbud-undervisere/stop-toejspild/,,Stop tøjspild,Naturvidenskabernes Hus,,,False,True,False,True
Stop-toejspild.pdf,Naturvidenskabernes Hus/Stop tøjspild/Stop-toejspild.pdf,https://nvhus.dk/tilbud-undervisere/stop-toejspild/,,Stop tøjspild,Naturvidenskabernes Hus,,,False,True,False,True
Styr lyden forside.pdf,Naturvidenskabernes Hus/Styr lyden/Styr lyden forside.pdf,https://nvhus.dk/tilbud-undervisere/styr-lyden/,,Styr lyden,Naturvidenskabernes Hus,,,False,True,False,True
Styr-Lyden-Ekstra-undersoegelse-1.pdf,Naturvidenskabernes Hus/Styr lyden/Styr-Lyden-Ekstra-undersoegelse-1.pdf,https://nvhus.dk/tilbud-undervisere/styr-lyden/,,Styr lyden,Naturvidenskabernes Hus,,,False,True,False,True
Styr-Lyden-Ekstra-undersoegelse-2.pdf,Naturvidenskabernes Hus/Styr lyden/Styr-Lyden-Ekstra-undersoegelse-2.pdf,https://nvhus.dk/tilbud-undervisere/styr-lyden/,,Styr lyden,Naturvidenskabernes Hus,,,False,True,False,True
Styr-Lyden-Undersoegelse-1.pdf,Naturvidenskabernes Hus/Styr lyden/Styr-Lyden-Undersoegelse-1.pdf,https://nvhus.dk/tilbud-undervisere/styr-lyden/,,Styr lyden,Naturvidenskabernes Hus,,,False,True,False,True
Styr-Lyden-Undersoegelse-2.pdf,Naturvidenskabernes Hus/Styr lyden/Styr-Lyden-Undersoegelse-2.pdf,https://nvhus.dk/tilbud-undervisere/styr-lyden/,,Styr lyden,Naturvidenskabernes Hus,,,False,True,False,True
Styr-Lyden.pdf,Naturvidenskabernes Hus/Styr lyden/Styr-Lyden.pdf,https://nvhus.dk/tilbud-undervisere/styr-lyden/,,Styr lyden,Naturvidenskabernes Hus,,,False,True,False,True
Træn til Naturfagsmarathon - Favrskov forside.pdf,Naturvidenskabernes Hus/Træn til Naturfagsmarathon - Favrskov/Træn til Naturfagsmarathon - Favrskov forside.pdf,https://nvhus.dk/tilbud-undervisere/traen-til-naturfagsmaraton-favrskov/,,Træn til Naturfagsmaraton – Favrskov,Naturvidenskabernes Hus,,,False,True,False,True
Byg-en-flydebro.pdf,Naturvidenskabernes Hus/Træn til Naturfagsmarathon - Viborg/Byg-en-flydebro.pdf,https://nvhus.dk/tilbud-undervisere/traen-til-naturfagsmaraton-viborg/,,Træn til Naturfagsmaraton – Viborg,Naturvidenskabernes Hus,,,False,True,False,True
Træn til Naturfagsmarathon - Viborg forside.pdf,Naturvidenskabernes Hus/Træn til Naturfagsmarathon - Viborg/Træn til Naturfagsmarathon - Viborg forside.pdf,https://nvhus.dk/tilbud-undervisere/traen-til-naturfagsmaraton-viborg/,,Træn til Naturfagsmaraton – Viborg,Naturvidenskabernes Hus,,,False,True,False,True
Vaegtloes-fitness-Elevark-1.pdf,Naturvidenskabernes Hus/Vægtløs fitness/Vaegtloes-fitness-Elevark-1.pdf,https://nvhus.dk/tilbud-undervisere/vaegtloes-fitness/,,Vægtløs fitness,Naturvidenskabernes Hus,,,False,False,True,True
Vaegtloes-fitness-Elevark-2.pdf,Naturvidenskabernes Hus/Vægtløs fitness/Vaegtloes-fitness-Elevark-2.pdf,https://nvhus.dk/tilbud-undervisere/vaegtloes-fitness/,,Vægtløs fitness,Naturvidenskabernes Hus,,,False,False,True,True
Vaegtloes-fitness-Elevmateriale.pdf,Naturvidenskabernes Hus/Vægtløs fitness/Vaegtloes-fitness-Elevmateriale.pdf,https://nvhus.dk/tilbud-undervisere/vaegtloes-fitness/,,Vægtløs fitness,Naturvidenskabernes Hus,,,False,False,True,True
Vaegtloes-fitness-Laerervejledning.pdf,Naturvidenskabernes Hus/Vægtløs fitness/Vaegtloes-fitness-Laerervejledning.pdf,https://nvhus.dk/tilbud-undervisere/vaegtloes-fitness/,,Vægtløs fitness,Naturvidenskabernes Hus,,,False,False,True,True
Vægtløs fitness forside.pdf,Naturvidenskabernes Hus/Vægtløs fitness/Vægtløs fitness forside.pdf,https://nvhus.dk/tilbud-undervisere/vaegtloes-fitness/,,Vægtløs fitness,Naturvidenskabernes Hus,,,False,False,True,True
Bæredygtig fremtid - Elevhæfte.pdf,Ole Haubo/Bæredygtig fremtid - Elevhæfte.pdf,https://haubo.net/Bæredygtig%20fremtid/Bæredygtig%20fremtid%20-%20Elevhæfte.pdf,Bæredygtig fremtid - elevbog,,Ole Haubo,Natur og Teknologi,4.-6.,,,,
Bæredygtig fremtid - Lærervejledning.pdf,Ole Haubo/Bæredygtig fremtid - Lærervejledning.pdf,https://haubo.net/Bæredygtig%20fremtid/Bæredygtig%20fremtid%20-%20Lærervejledning.pdf,Bæredygtig fremtid - lærervejledning,,Ole Haubo,NT og dansk,4.-6.,,,,
Bæredygtig madkultur - elevbog.pdf,Ole Haubo/Bæredygtig madkultur - elevbog.pdf,https://haubo.net/Bæredygtig%20madkultur/Bæredygtig%20madkultur%20-%20elevbog.pdf,Bæredygtig madkultur - elevbog,,Ole Haubo,Naturfagene fællesfagligt,7.-9.,,,,
Bæredygtig madkultur - lærervejledning.pdf,Ole Haubo/Bæredygtig madkultur - lærervejledning.pdf,https://haubo.net/Bæredygtig%20madkultur/Bæredygtig%20madkultur%20-%20lærervejledning.pdf,Bæredygtig madkultur - lærervejledning,,Ole Haubo,Naturfagene fællesfagligt,7.-9.,,,,
Danske dyr - faglig storylineundervisning 2.-6. klasse.pdf,Ole Haubo/Danske dyr - faglig storylineundervisning 2.-6. klasse.pdf,https://haubo.net/Storyline/Danske%20dyr%20-%20faglig%20storylineundervisning%202.-6.%20klasse.pdf,Danske dyr,,Ole Haubo,NT,2.-6.,,,,
Det blå guld - Elevbog.pdf,Ole Haubo/Det blå guld - Elevbog.pdf,https://haubo.net/Det%20blå%20guld/Det%20blå%20guld%20-%20Elevbog.pdf,Det blå guld - elevbog,,Ole Haubo,"Biologi, fysik/kemi og geografi",7.-9.,,,,
Det blå guld - Lærervejledning.pdf,Ole Haubo/Det blå guld - Lærervejledning.pdf,https://haubo.net/Det%20blå%20guld/Det%20blå%20guld%20-%20Lærervejledning.pdf,Det blå guld - lærervejledning,,Ole Haubo,"Biologi, fysik/kemi og geografi",7.-9.,,,,
Er du el-sikker 5.-6. klasse - Elevbog.pdf,Ole Haubo/Er du el-sikker 5.-6. klasse - Elevbog.pdf,https://haubo.net/Elsikker/Er%20du%20el-sikker%205.-6.%20klasse%20-%20Elevbog.pdf,Er du el-sikker? elevbog,,Ole Haubo,NT,5.-6.,,,,
Er du el-sikker 5.-6. klasse - Lærvejl.pdf,Ole Haubo/Er du el-sikker 5.-6. klasse - Lærvejl.pdf,https://haubo.net/Elsikker/Er%20du%20el-sikker%205.-6.%20klasse%20-%20Lærvejl.pdf,Er du el-sikker? lærervejledning,,Ole Haubo,NT,5.-6.,,,,
Er du el-tjekket 7.-9. klasse - Lærvejl.pdf,Ole Haubo/Er du el-tjekket 7.-9. klasse - Lærvejl.pdf,https://haubo.net/Elsikker/Er%20du%20el-tjekket%207.-9.%20klasse%20-%20Lærvejl.pdf,Er du el-tjekket? lærervejledning,,Ole Haubo,"Fysik, sikkerhed",7.-9.,,,,
Er du eltjekket 7.-9. klasse - Elevbog.pdf,Ole Haubo/Er du eltjekket 7.-9. klasse - Elevbog.pdf,https://haubo.net/Elsikker/Er%20du%20eltjekket%207.-9.%20klasse%20-%20Elevbog.pdf,Er du el-tjekket? elevbog,,Ole Haubo,"Fysik, sikkerhed",7.-9.,,,,
Klimakamp.nu 4.-6. klasse - Elevbog.pdf,Ole Haubo/Klimakamp.nu 4.-6. klasse - Elevbog.pdf,https://haubo.net/Klimakamp.nu/Klimakamp.nu%204.-6.%20klasse%20-%20Elevbog.pdf,Klimakamp nu - elevbog,,Ole Haubo,NT og dansk,4.-6.,,,,
Klimakamp.nu 4.-6. klasse - Lærervejledning.pdf,Ole Haubo/Klimakamp.nu 4.-6. klasse - Lærervejledning.pdf,https://haubo.net/Klimakamp.nu/Klimakamp.nu%204.-6.%20klasse%20-%20Lærervejledning.pdf,Klimakamp nu - lærervejledning,,Ole Haubo,NT og dansk,4.-6.,,,,
Klimakamp.nu 7.-9. klasse - Elevbog.pdf,Ole Haubo/Klimakamp.nu 7.-9. klasse - Elevbog.pdf,https://haubo.net/Klimakamp.nu/Klimakamp.nu%207.-9.%20klasse%20-%20Elevbog.pdf,Klimakamp nu - elevbog,,Ole Haubo,Naturfagene fællesfagligt,7.-9.,,,,
Klimakamp.nu 7.-9. klasse - Lærervejledning.pdf,Ole Haubo/Klimakamp.nu 7.-9. klasse - Lærervejledning.pdf,https://haubo.net/Klimakamp.nu/Klimakamp.nu%207.-9.%20klasse%20-%20Lærervejledning.pdf,Klimakamp nu - lærervejledning,,Ole Haubo,NT og dansk,7.-9.,,,,
På opdagelse i Harry Potters Univers.pdf,Ole Haubo/På opdagelse i Harry Potters Univers.pdf,https://haubo.net/Storyline/På%20opdagelse%20i%20Harry%20Potters%20Univers.pdf,På opdagelse i Harry Potters univers,,Ole Haubo,NT,2.-5.,,,,
Slikfabrikken - Den søde Tand.pdf,Ole Haubo/Slikfabrikken - Den søde Tand.pdf,https://haubo.net/Slikfabrikken%20-%20Den%20søde%20Tand/Slikfabrikken%20-%20Den%20søde%20Tand.pdf,Slikfabrikken,,Ole Haubo,NT,5.-6.,,,,
Tryk og hydraulik 5.-6. klasse - 3.udg.1.opl. 2024 (7-6-2024).pdf,Ole Haubo/Tryk og hydraulik 5.-6. klasse - 3.udg.1.opl. 2024 (7-6-2024).pdf,https://haubo.net/Tryk%20og%20hydraulik/Tryk%20og%20hydraulik%205.-6.%20klasse%20-%203.udg.1.opl.%202024%20%287-6-2024%29.pdf,Tryk og hydraulik,,Ole Haubo,NT,5.-6.,,,,
Vandakademiet - for vandnørder i 5.-6. klasse -  Lærervejledning.pdf,Ole Haubo/Vandakademiet - for vandnørder i 5.-6. klasse -  Lærervejledning.pdf,https://haubo.net/Vandakademiet/Vandakademiet%20-%20for%20vandnørder%20i%205.-6.%20klasse%20-%20%20Lærervejledning.pdf,Vandakademiet - lærervejledning,,Ole Haubo,NT,5.-6.,,,,
Vandakademiet - for vandnørder i 5.-6. klasse - Elevhæfte.pdf,Ole Haubo/Vandakademiet - for vandnørder i 5.-6. klasse - Elevhæfte.pdf,https://haubo.net/Vandakademiet/Vandakademiet%20-%20for%20vandnørder%20i%205.-6.%20klasse%20-%20Elevhæfte.pdf,Vandakademiet - elevbog,,Ole Haubo,NT,5.-6.,,,,
Verdensmål.nu 4.-6. klasse - Elevbog.pdf,Ole Haubo/Verdensmål.nu 4.-6. klasse - Elevbog.pdf,https://haubo.net/Verdensmål.nu/Verdensmål.nu%204.-6.%20klasse%20-%20Elevbog.pdf,Verdensmål nu - elevbog,,Ole Haubo,NT og dansk,4.-6.,,,,
Verdensmål.nu 4.-6. klasse - Lærervejledning.pdf,Ole Haubo/Verdensmål.nu 4.-6. klasse - Lærervejledning.pdf,https://haubo.net/Verdensmål.nu/Verdensmål.nu%204.-6.%20klasse%20-%20Lærervejledning.pdf,Verdensmål nu - lærervejledning,,Ole Haubo,NT og dansk,4.-6.,,,,
Verdensmål.nu 7.-9. klasse - Elevbog.pdf,Ole Haubo/Verdensmål.nu 7.-9. klasse - Elevbog.pdf,https://haubo.net/Verdensmål.nu/Verdensmål.nu%207.-9.%20klasse%20-%20Elevbog.pdf,Verdensmål nu - elevbog,,Ole Haubo,Naturfagene fællesfagligt,7.-9.,,,,
Verdensmål.nu 7.-9. klasse - Lærervejledning.pdf,Ole Haubo/Verdensmål.nu 7.-9. klasse - Lærervejledning.pdf,https://haubo.net/Verdensmål.nu/Verdensmål.nu%207.-9.%20klasse%20-%20Lærervejledning.pdf,Verdensmål nu - lærervejledning,,Ole Haubo,Naturfagene fællesfagligt,7.-9.,,,,
bfa-naar-klokken-ringer_web.pdf,bfa-naar-klokken-ringer_web.pdf,https://www.godtarbejdsmiljo.dk/media/mg4h33td/bfa-naar-klokken-ringer_web.pdf,Når klokken ringer,,BFA,"Biologi, Fysik, Naturfagene fællesfagligt, Natur og Teknologi, Kemi, Geografi",Til læreren,,,,
Computational Thinking integreret i matematikundervisningen.pdf,stem-specialer/Computational Thinking integreret i matematikundervisningen.pdf,https://doi.org/10.5281/zenodo.19255073,Computational Thinking integreret i matematikundervisningen,,,,,,,,
2-25-stopextinctionflyer_dk.pdf,zoo/2-25-stopextinctionflyer_dk.pdf,https://content.zoo.dk/media/jjjlari5/2-25-stopextinctionflyer_dk.pdf,,,Zoo,,,,,,
BERIGELSE OG NATURLIG ADFÆRD.pdf,zoo/BERIGELSE OG NATURLIG ADFÆRD.pdf,https://www.zoo.dk/om-zoo/dyrene-i-zoo/berigelse-og-naturlig-adfaerd,,,Zoo,,,,,,
FORVALTNING AF DYREBESTAND.pdf,zoo/FORVALTNING AF DYREBESTAND.pdf,https://www.zoo.dk/om-zoo/dyrene-i-zoo/forvaltning-af-dyrebestanden,,,Zoo,,,,,,
FRANSK POLYNESIEN.pdf,zoo/FRANSK POLYNESIEN.pdf,https://www.zoo.dk/naturbevarelse/fransk-polynesien,,,Zoo,,,,,,
NAVNGIVNING AF DYR.pdf,zoo/NAVNGIVNING AF DYR.pdf,https://www.zoo.dk/om-zoo/dyrene-i-zoo/navngivning-af-dyr,,,Zoo,,,,,,
TRÆNING AF DYRENE.pdf,zoo/TRÆNING AF DYRENE.pdf,https://www.zoo.dk/om-zoo/dyrene-i-zoo/traening-af-dyrene,,,Zoo,,,,,,
aarsberetning-2023.pdf,zoo/aarsberetning-2023.pdf,https://content.zoo.dk/media/whqkk2vs/aarsberetning-2023.pdf,,,Zoo,"Kemi, Fysik",Til læreren,,,,
dyrebestandsliste-2024-2.pdf,zoo/dyrebestandsliste-2024-2.pdf,,,,Zoo,,,,,,
zoo-aarsberetning-2024.pdf,zoo/zoo-aarsberetning-2024.pdf,https://content.zoo.dk/media/fk1nlps0/zoo-aarsberetning-2024.pdf,,,Zoo,,Til læreren,,,,
